com.kada.camera.android_208,15_Scene_detection.tflite
com.alibaba.intl.android.apps.poseidon_2019-07-22,2_ocr_rec_bk_tf.tflite
com.alibaba.intl.android.apps.poseidon_2019-09-11,2_ocr_rec_bk_tf.tflite
a.zero.photoeditor.master_20000,224_1_1_optimized_3.pb
com.steam.photoeditor,224_1_1_optimized_3.pb
fluidsim.de.interactivedrop_2018-03-20,4d_defx_freezed_graph.pb
fluidsim.de.interactivedrop_2018-03-20,4d_defx_freezed_hq_graph.pb
uk.tensorzoom_2018-01-18,5-g2-face-fix.pb
com.voltmemo.xz_cidao_350,5000-blackv2-fifty-104x2-plus-long-p96x96-cdraw_model.tflite
com.voltmemo.xz_cidao_350,5000-colorv4.2-fifty-104x2-p96x96-cdraw_model.tflite
beauty.camera.photo.editor,7amdhcxt.pb
com.Video_Mobile_VM.Barnamaj_Damj_Sowar,7amdhcxt.pb
beauty.camera.photo.editor,abovapkl_025.pb
com.Video_Mobile_VM.Barnamaj_Damj_Sowar,abovapkl_025.pb
com.familyfit.google.baduanjin,ae_model_minmaxscaler1_all_pn.tflite
com.familyfit.google.baduanjin,ae_model_minmaxscaler1_m0_pn.tflite
com.familyfit.google.baduanjin,ae_model_minmaxscaler1_m1_pn.tflite
com.familyfit.google.baduanjin,ae_model_minmaxscaler1_m2_pn.tflite
com.familyfit.google.baduanjin,ae_model_minmaxscaler1_m3_pn.tflite
com.familyfit.google.baduanjin,ae_model_minmaxscaler1_m4_pn.tflite
com.familyfit.google.baduanjin,ae_model_minmaxscaler1_m5_pn.tflite
com.familyfit.google.baduanjin,ae_model_minmaxscaler1_m6_pn.tflite
com.familyfit.google.baduanjin,ae_model_minmaxscaler1_m7_pn.tflite
com.familyfit.google.baduanjin,ae_model_minmaxscaler1_m8_pn.tflite
com.droid8studio.sketch.photo,alpha1-v0-rect.pb
com.infixtools.sketchphotomaker.pencil.sketch,alpha1-v0-rect.pb
com.droid8studio.sketch.photo,alpha1-v0-square.pb
com.infixtools.sketchphotomaker.pencil.sketch,alpha1-v0-square.pb
com.droid8studio.sketch.photo,alpha3-v0-rect.pb
com.infixtools.sketchphotomaker.pencil.sketch,alpha3-v0-rect.pb
com.droid8studio.sketch.photo,alpha3-v0-square.pb
com.infixtools.sketchphotomaker.pencil.sketch,alpha3-v0-square.pb
beauty.camera.photo.editor,art_decoration_1.0.pb
com.Video_Mobile_VM.Barnamaj_Damj_Sowar,art_decoration_1.0.pb
beauty.camera.photo.editor,art_jp_comic_1.0.pb
com.Video_Mobile_VM.Barnamaj_Damj_Sowar,art_jp_comic_1.0.pb
beauty.camera.photo.editor,art_picasso_1.0_025.pb
com.Video_Mobile_VM.Barnamaj_Damj_Sowar,art_picasso_1.0_025.pb
beauty.camera.photo.editor,art_tattoo_1.0_025.pb
com.Video_Mobile_VM.Barnamaj_Damj_Sowar,art_tattoo_1.0_025.pb
beauty.camera.photo.editor,art_us_comic_1.0.pb
com.Video_Mobile_VM.Barnamaj_Damj_Sowar,art_us_comic_1.0.pb
com.google.audio.hearing.visualization.accessibility.scribe,audio_set_320ms.tflite
com.google.audio.hearing.visualization.accessibility.scribe_2019-07-12,audio_set_320ms.tflite
com.olivex.google.squatchallenge,autoencoder.tflite
com.aiworks.android.moji_40104,bbb_quantized.tflite
com.familyfit.google.baduanjin,bdj_minmaxscaler1_pn_all.tflite
com.familyfit.google.baduanjin,bdj_minmaxscaler1_pn_m0.tflite
com.familyfit.google.baduanjin,bdj_minmaxscaler1_pn_m1.tflite
com.familyfit.google.baduanjin,bdj_minmaxscaler1_pn_m2.tflite
com.familyfit.google.baduanjin,bdj_minmaxscaler1_pn_m3.tflite
com.familyfit.google.baduanjin,bdj_minmaxscaler1_pn_m4.tflite
com.familyfit.google.baduanjin,bdj_minmaxscaler1_pn_m5.tflite
com.familyfit.google.baduanjin,bdj_minmaxscaler1_pn_m6.tflite
com.familyfit.google.baduanjin,bdj_minmaxscaler1_pn_m7.tflite
com.familyfit.google.baduanjin,bdj_minmaxscaler1_pn_m8.tflite
com.droid8studio.sketch.photo,best0-v1-rect.pb
com.infixtools.sketchphotomaker.pencil.sketch,best0-v1-rect.pb
com.droid8studio.sketch.photo,best0-v1-square.pb
com.infixtools.sketchphotomaker.pencil.sketch,best0-v1-square.pb
com.droid8studio.sketch.photo,best1-v2-rect.pb
com.infixtools.sketchphotomaker.pencil.sketch,best1-v2-rect.pb
com.droid8studio.sketch.photo,best1-v2-square.pb
com.infixtools.sketchphotomaker.pencil.sketch,best1-v2-square.pb
com.droid8studio.sketch.photo,best2-v3-rect.pb
com.infixtools.sketchphotomaker.pencil.sketch,best2-v3-rect.pb
com.droid8studio.sketch.photo,best2-v3-square.pb
com.infixtools.sketchphotomaker.pencil.sketch,best2-v3-square.pb
com.droid8studio.sketch.photo,best3-v4-rect.pb
com.infixtools.sketchphotomaker.pencil.sketch,best3-v4-rect.pb
com.droid8studio.sketch.photo,best3-v4-square.pb
com.infixtools.sketchphotomaker.pencil.sketch,best3-v4-square.pb
ai.fritz.heartbeat_2019-04-25,bicentennial_print_400x300_025.tflite
ai.fritz.heartbeat_2019-04-25,bicentennial_print_512x512_025_coherent_optimized.pb
com.shensz.teacher_10000071,blur_graph_with_var.pb
com.shensz.teacher_10000071,blur.quantized.pb
com.shensz.teacher_10000071,choice_graph_with_var.pb
com.shensz.teacher_10000071,choice.quantized.pb
com.fenbi.android.zenglish_41501000,ckpt103_quant.tflite
ktech.sketchar,classifier.v.16.1.2927.patch1.pb
ktech.sketchar,classifier.v.16.1.2927.patch1.pb
ktech.sketchar,classifier.v.16.1.2927.patch1.pb_new.pb
ktech.sketchar,classifier.v.16.1.2927.patch1.pb_new.pb
com.urbandroid.sleep_2019-07-19,cnn_mfcc_old.tflite
com.urbandroid.sleep_2019-08-30,cnn_mfcc_old.tflite
com.bruxlabsnore_2018-08-15,CNN2_4outputs_JAN2017.pb
machinelearning.tensorflow.speech_2017-09-26,conv_actions_frozen.pb
a.zero.photoeditor.master_20000,converted_model_1.tflite
com.steam.photoeditor_2019-07-04,converted_model_1.tflite
com.ghost.sibyl,converted_model_v2_1.tflite
com.iart.camera.photo_2019-07-10,converted_model_v2_1.tflite
com.iart.camera.photo_2019-07-10,converted_model_v2_1.tflite
com.iart.camera.photo_2019-09-12,converted_model_v2_1.tflite
com.picstudio.photoeditorplus,converted_model_v2_1.tflite
com.picstudio.photoeditorplus_2019-07-12,converted_model_v2_1.tflite
com.picstudio.photoeditorplus_2019-07-18,converted_model_v2_1.tflite
com.tq.master,converted_model_v2_1.tflite
faceapp.facemystery.learnmoreaboutyourself,converted_model_v2_1.tflite
com.iart.camera.photo_2019-09-12,converted_model.tflite
com.picstudio.photoeditorplus,converted_model.tflite
com.abbyy.mobile.textgrabber.full_258,CropableClassifierV1.tflite
com.ezprt.hdrcamera,data_autocut_cute_wallpapers_studio.pb
com.modiface.loreal.stylemyhair_2019-05-03,decoder_squeeze.pb
com.seefoodtechnologies.nothotdog_2017-06-23,deepdog.pb
com.kaiqi.videoae_33,deeplabv3_257_mv_gpu.tflite
com.snapgify_33,deeplabv3_257_mv_gpu.tflite
wallpaper.transparent,deeplabv3_mnv2_pascal_trainval.tflite
com.infocomltd.ugvassistant_2019-02-13,detect.tflite
com.infocomltd.ugvassistant_2019-08-05,detect.tflite
com.zenjoy.pipcollage,detect.tflite
kr.co.robin.android.tflite.objectdetector_2018-08-13,detect.tflite
ru.farpost.dromfilter_2019-07-11,detector_v2_1.pb
beauty.camera.photo.editor,dh9uvyqf.pb
com.Video_Mobile_VM.Barnamaj_Damj_Sowar,dh9uvyqf.pb
beauty.camera.photo.editor,dnazi3sf.pb
com.Video_Mobile_VM.Barnamaj_Damj_Sowar,dnazi3sf.pb
beauty.camera.photo.editor,dra0lg9z.pb
com.Video_Mobile_VM.Barnamaj_Damj_Sowar,dra0lg9z.pb
com.google.android.tts_2019-05-29,en_us.embedded.model.pb
com.modiface.loreal.stylemyhair_2019-05-03,encoder_squeeze.tflite
com.olivex.google.squatchallenge,estimator_modelv0.tflite
com.olivex.google.squatchallenge,estimator_modelv1.tflite
beauty.camera.photo.editor,fcytc5tg.pb
com.Video_Mobile_VM.Barnamaj_Damj_Sowar,fcytc5tg.pb
horse.schvung.equilab_2019-07-15,feedForward_common_50.tflite
horse.schvung.equilab_2019-07-26,feedForward_common_50.tflite
horse.schvung.equilab_2019-07-15,feedForward_icelandic_50.tflite
horse.schvung.equilab_2019-07-26,feedForward_icelandic_50.tflite
horse.schvung.equilab_2019-07-15,feedForward_jumping_50.tflite
horse.schvung.equilab_2019-07-26,feedForward_jumping_50.tflite
ai.fritz.heartbeat_2019-04-25,femmes_400x300_025.tflite
com.fishbrain.app_2019-02-19,fish-no-fish.tflite
com.nike.omega_2008131807,fit_feet_classifier_with_label.tflite
com.nike.omega_2008131807,fit_feet_segmentation.tflite
ir.nasim_2019-04-27,frozen_inference_graph.pb
com.shutterfly_2019-07-10,frozen_model_e.pb
co.vero.app_2019-07-12,frozen_open_nsfw.pb
com.elanview.efly,gesture_frozen_inference_graph.pb
com.qiyi.video_2019-07-11,graph_net_half_savemodel.tflite
com.homesecurity.firstone_2018-06-15,graph.pb
com.homesecurity.firstone_2018-06-15,graph.pb
beauty.camera.photo.editor,h2t5d5ib_025.pb
com.Video_Mobile_VM.Barnamaj_Damj_Sowar,h2t5d5ib_025.pb
beauty.camera.photo.editor,h9t4iyhi.pb
com.Video_Mobile_VM.Barnamaj_Damj_Sowar,h9t4iyhi.pb
ai.fritz.heartbeat_2019-04-25,hair_a050_224x224_5_1554502837.tflite
com.facebook.arstudio.player,hair_seg_init_net.pb
com.facebook.arstudio.player,hair_seg_predict_net.pb
com.facebook.arstudio.player,hand_pointer_keypoints_init_medium.pb
com.facebook.arstudio.player,hand_pointer_keypoints_predict_medium.pb
com.draw.guess.by.ai_2019-07-17,happy.tflite
ai.fritz.heartbeat_2019-04-25,head_of_clown_400x300_025.tflite
com.droid8studio.sketch.photo,health1-v8-rect.pb
com.infixtools.sketchphotomaker.pencil.sketch,health1-v8-rect.pb
com.droid8studio.sketch.photo,health1-v8-square.pb
com.infixtools.sketchphotomaker.pencil.sketch,health1-v8-square.pb
com.bjcsxq.chat.carfriend_hj_34,hed_lite_model_quantize.tflite
com.lgq.struggle.photo.scanner_14,hed_lite_model_quantize.tflite
com.lzpxfzj.android_243,hed_lite_model_quantize.tflite
com.meishubao.client_70,hed_lite_model_quantize.tflite
com.pcncn.jj_780,hed_lite_model_quantize.tflite
com.topsky.kkol_171,hed_lite_model_quantize.tflite
com.xindihe.cgfyb_4,hed_lite_model_quantize.tflite
com.zivn.cloudbrush3_328,hed_lite_model_quantize.tflite
laozhaopianxiufu.cn_105,hed_lite_model_quantize.tflite
net.whty.app.eyu_668,hed_lite_model_quantize.tflite
net.whty.app.eyu.zjedu_668,hed_lite_model_quantize.tflite
me.nextplus.smsfreetext.phonecalls,hobbes.tflite
ai.fritz.heartbeat_2019-04-25,horses_on_seashore_400x300_025.tflite
com.iart.camera.photo_2019-09-12,human_256_input_1_output_0.tflite
beauty.camera.photo.editor,i7fnh5oq_025.pb
com.Video_Mobile_VM.Barnamaj_Damj_Sowar,i7fnh5oq_025.pb
com.deliveryclub.rider,inception_quant.tflite
com.easilydo.mail_2019-06-06,inference.pb
com.synology.moments,init_net.pb
com.synology.moments.cn_262,init_net.pb
com.alivecor.aliveecg_2019-05-24,inversion.tensorflow
beauty.camera.photo.editor,jefetsvp_025.pb
com.Video_Mobile_VM.Barnamaj_Damj_Sowar,jefetsvp_025.pb
com.iqiyi.i18n,jointpose106-model.tflite
com.joytunes.simplypiano,jt_extended_model_regression.pb
com.joytunes.simplypiano_2019-07-11,jt_extended_model_regression.pb
com.joytunes.simplypiano_2019-08-13,jt_extended_model_regression.pb
com.joytunes.simplypiano,jt_old_model_regression.pb
com.joytunes.simplypiano_2019-07-11,jt_old_model_regression.pb
com.joytunes.simplypiano_2019-08-13,jt_old_model_regression.pb
ai.fritz.heartbeat_2019-04-25,kaleidoscope_400x300_025.tflite
com.idamob.tinkoff.android_2019-07-15,kws_weights.pb
beauty.camera.photo.editor,l8vcxbx2.pb
com.Video_Mobile_VM.Barnamaj_Damj_Sowar,l8vcxbx2.pb
com.wapoapp.wapa,lang_model.tflite
com.google.android.tts_2019-05-29,lseq_compact_model_farm32.pb
uk.tensorzoom_2018-01-18,lv2.pb
com.bitstrips.imoji_2019-07-10,mirror_encrypted.pb
com.bitstrips.imoji_2019-07-22,mirror_encrypted.pb
net.daum.android.dictionary_2004007,mobile-32-B-R-q.tflite
net.daum.android.dictionary_2004007,mobilenet_encoder.tflite
hien.newsvoicereader,mobilenet_frozen.pb
com.nhn.android.search,mobilenet_m27.pb
com.nhn.android.search_2019-09-18,mobilenet_m27.pb
demo.google.firebase.samples.apps.mlkit_2018-05-17,mobilenet_quant_v1_224.tflite
ai.fritz.heartbeat_2019-04-25,mobilenet_v2_1_0_224_frozen.pb
com.modiface.loreal.stylemyhair_2019-05-03,model_05_16_128.tflite
horse.schvung.equilab_2019-04-29,model_FeedForward_200.pb
horse.schvung.equilab_2019-04-29,model_FeedForward_common_51.pb
horse.schvung.equilab_2019-04-29,model_FeedForward_icelandic_51.pb
horse.schvung.equilab_2019-04-29,model_FeedForward_jumping_51.pb
com.energysh.onlinecamera1_1214,model_people.tflite
com.energysh.quickarte_4,model_people.tflite
com.energysh.onlinecamera1_1214,model_sky.tflite
com.energysh.quickarte_4,model_sky.tflite
com.jrj.androidtop,model_v13_q.tflite
com.fenbi.android.solar_10120099,model-v6_2.tflite
cn.funtalk.miao_5993,model.tflite
com.didiglobal.driver.au,model.tflite
com.energysh.okcut,model.tflite
com.fenbi.android.leo_2480099,model.tflite
com.fenbi.android.leo_2480099,model.tflite
com.yondor.student_340200,model.tflite
ru.photostrana.mobile_2019-07-23,model.tflite
com.campmobile.snow_2019-07-23,models_output_bias.tflite
com.campmobile.snow_2019-09-11,models_output_bias.tflite
com.linecorp.b612.android_2019-07-24,models_output_bias.tflite
com.linecorp.b612.android_2019-09-11,models_output_bias.tflite
cn.runagain.run_80,motionDetecter.pb
com.optimaxInvestments.GlassesUSA,mtcnn_freezed_model.pb
com.optimaxInvestments.GlassesUSA,mtcnn_freezed_model.pb
qmcx.com.trackercamera_30,mtcnn_freezed_model.pb
ai.fritz.heartbeat_2019-04-25,multi_person_mobilenet_v1_075_float_optimized.pb
com.facebook.arstudio.player,multiclass_seg_init_net.pb
com.facebook.arstudio.player,multiclass_seg_predict_net.pb
com.feiyutech.gimbalCamera_354,net1_1.tflite
com.feiyutech.gimbalCamera_354,net1_3_2.tflite
beauty.camera.photo.editor,nhd8kloo.pb
com.Video_Mobile_VM.Barnamaj_Damj_Sowar,nhd8kloo.pb
beauty.camera.photo.editor,nnamfco3_025.pb
com.Video_Mobile_VM.Barnamaj_Damj_Sowar,nnamfco3_025.pb
beauty.camera.photo.editor,nobomm6c.pb
com.Video_Mobile_VM.Barnamaj_Damj_Sowar,nobomm6c.pb
beauty.camera.photo.editor,nq257mmc.pb
com.Video_Mobile_VM.Barnamaj_Damj_Sowar,nq257mmc.pb
cn.com.faceapp.face_4,nsfw.tflite
cn.com.miaoping.face_9,nsfw.tflite
com.sudyapp_126,nsfw.tflite
beauty.camera.photo.editor,nus3rdyi_025.pb
com.Video_Mobile_VM.Barnamaj_Damj_Sowar,nus3rdyi_025.pb
com.kada.camera.android_208,object_detect.tflite
beauty.camera.photo.editor,ocnzc9mp.pb
com.Video_Mobile_VM.Barnamaj_Damj_Sowar,ocnzc9mp.pb
beauty.camera.photo.editor,oeyvgadt.pb
com.Video_Mobile_VM.Barnamaj_Damj_Sowar,oeyvgadt.pb
com.cmkk.medicaldictionary,onet.tflite
com.qiyi.video_2019-07-11,onet.tflite
ch.zhaw.facerecognition,optimized_facenet.pb
ir.nasim_2019-04-27,optimized_graph_datebox.pb
ir.nasim_2019-04-27,optimized_graph.pb
ai.fritz.heartbeat_2019-04-25,optimized_inference_graph.pb
co.babypenguin.androidlive,optimized_nudity_graph.tflite
com.horoscope.palmmaster,palm_recog_224_1_1_optimized(2).pb
com.horoscope.palmmaster,palm_recog_224_1_1_optimized(2).pb
faceapp.facemystery.learnmoreaboutyourself,palm_recog_224_1_1.pb
com.droid8studio.sketch.photo,pencil1-v7-rect.pb
com.infixtools.sketchphotomaker.pencil.sketch,pencil1-v7-rect.pb
com.droid8studio.sketch.photo,pencil1-v7-square.pb
com.infixtools.sketchphotomaker.pencil.sketch,pencil1-v7-square.pb
com.peace.SilentCamera,people_hq_384x384_1_1543961960_optimized.pb
com.shensz.teacher_10000071,phone_graph_with_var.pb
com.shensz.teacher_10000071,phone.quantized.pb
ai.fritz.heartbeat_2019-04-25,pink_blue_rhombus_400x300_025.tflite
ai.fritz.heartbeat_2019-04-25,pink_blue_rhombus_512x512_025_coherent_optimized.pb
com.familyfit.google.baduanjin,pn_all_movement_keras.tflite
com.cmkk.medicaldictionary,pnet.tflite
com.qiyi.video_2019-07-11,pnet.tflite
hat.ai.photomanager_207,po.pb
ai.fritz.heartbeat_2019-04-25,poppy_field_400x300_025.tflite
com.sponge.mba_64,posenet_model.tflite
com.synology.moments,predict_net.pb
com.synology.moments.cn_262,predict_net.pb
beauty.camera.photo.editor,qiomib2w.pb
com.Video_Mobile_VM.Barnamaj_Damj_Sowar,qiomib2w.pb
com.olivex.google.squatchallenge,quantized_model_129.tflite
com.familyfit.google.baduanjin,quantized_model_337.tflite
com.fitnow.loseit,quantized_model.tflite
com.olivex.google.squatchallenge,quantized_model.tflite
com.kwalee.drawit_2019-07-19,quickdraw_frozen_long_blacklist_strip_transformed_memmapped.pb
com.kwalee.drawit_2019-07-19,quickdraw_frozen_long_blacklist_strip_transformed.pb
com.concur.breeze_2019-06-28,receipt_recognition.pb
com.concur.breeze_2019-07-09,receipt_recognition.pb
com.concur.breeze_2019-09-13,receipt_recognition.pb
com.appsverse.photonapplock,recibos_optimized_graph.tflite
beauty.camera.photo.editor,rinwzwg2.pb
com.Video_Mobile_VM.Barnamaj_Damj_Sowar,rinwzwg2.pb
ai.fritz.heartbeat_2019-04-25,ritmo_plastico_400x300_025.tflite
com.cmkk.medicaldictionary,rnet.tflite
com.qiyi.video_2019-07-11,rnet.tflite
beauty.camera.photo.editor,rnkhybsi.pb
com.Video_Mobile_VM.Barnamaj_Damj_Sowar,rnkhybsi.pb
com.google.android.apps.translate_2019-09-12,rpn_text_detector_mobile_space_to_depth_quantized_v2.tflite
com.google.android.apps.translate_66000962,rpn_text_detector_mobile_space_to_depth_quantized_v2.tflite
com.facebook.arstudio.player,seg_init_net.pb
com.facebook.arstudio.player,seg_predict_net.pb
com.droid8studio.sketch.photo,sketch1-v3-rect.pb
com.infixtools.sketchphotomaker.pencil.sketch,sketch1-v3-rect.pb
com.droid8studio.sketch.photo,sketch1-v3-square.pb
com.infixtools.sketchphotomaker.pencil.sketch,sketch1-v3-square.pb
beauty.camera.photo.editor,sl2umxmv.pb
com.Video_Mobile_VM.Barnamaj_Damj_Sowar,sl2umxmv.pb
beauty.camera.photo.editor,spdafynv_025.pb
com.Video_Mobile_VM.Barnamaj_Damj_Sowar,spdafynv_025.pb
com.fishbrain.app_2019-02-19,species_recognition.tflite
com.google.android.tts_2019-05-29,speech_morphing_palette.pb
com.estsoft.picnic,squeeze_sky_net_0104.tflite
com.estsoft.picnic_31,squeeze_sky_net_0104.tflite
com.app.chakras_opening,ssd_mobilenet_v1_coco.pb
hien.newsvoicereader,ssd_mobilenet_v1_coco.pb
ai.fritz.heartbeat_2019-04-25,starry_night_400x300_025.tflite
com.kaiqi.videoae_33,style_predict_quantized_256.tflite
com.snapgify_33,style_predict_quantized_256.tflite
com.kaiqi.videoae_33,style_transfer_quantized_dynamic.tflite
com.snapgify_33,style_transfer_quantized_dynamic.tflite
com.thmobile.sketchphotomaker,stylize_quantized.pb
pip.face.selfie.beauty.camera.photo.editor_2018-10-29,stylize_quantized.pb
com.google.android.apps.photos_2019-07-09,suggested_actions_classifier_v7.tflite
com.google.android.apps.photos_2019-07-23,suggested_actions_classifier_v7.tflite
com.google.android.apps.photos_2019-09-17,suggested_actions_classifier_v7.tflite
com.google.android.apps.photos_3455635,suggested_actions_classifier_v7.tflite
com.droid8studio.sketch.photo,super1-v6-rect.pb
com.infixtools.sketchphotomaker.pencil.sketch,super1-v6-rect.pb
com.droid8studio.sketch.photo,super1-v6-square.pb
com.infixtools.sketchphotomaker.pencil.sketch,super1-v6-square.pb
beauty.camera.photo.editor,sxnl51wo.pb
com.Video_Mobile_VM.Barnamaj_Damj_Sowar,sxnl51wo.pb
machinelearning.tensorflow.classifier_2017-09-12,tensorflow_inception_graph.pb
uk.tensorzoom_2018-01-18,tensorzoom6-gen.pb
com.fenbi.android.zenglish_41501000,text_recognizer_model.tflite
ai.fritz.heartbeat_2019-04-25,the_scream_400x300_025.tflite
ai.fritz.heartbeat_2019-04-25,the_trial_400x300_025.tflite
com.shensz.teacher_10000071,tick_graph_with_var.pb
com.shensz.teacher_10000071,tick_little_graph_with_var.pb
com.shensz.teacher_10000071,tick_little.quantized.pb
com.shensz.teacher_10000071,tick.quantized.pb
ai.fritz.heartbeat_2019-04-25,tile_512x512_025_coherent_optimized.pb
com.google.android.apps.cultural,tiwai2.tflite
com.google.android.apps.cultural_2019-07-17,tiwai2.tflite
beauty.camera.photo.editor,to94ylj1.pb
com.Video_Mobile_VM.Barnamaj_Damj_Sowar,to94ylj1.pb
uk.tensorzoom_2018-01-18,tz6-l-stitch-gen.pb
uk.tensorzoom_2018-01-18,tz6-s-stitch-blur-gen.pb
uk.tensorzoom_2018-01-18,tz6-s-stitch-gen.pb
uk.tensorzoom_2018-01-18,tz6-s-stitch-sblur-gen.pb
uk.tensorzoom_2018-01-18,tz6-s-stitch-sblur-lowtv-gen.pb
beauty.camera.photo.editor,uu7sa93u.pb
com.Video_Mobile_VM.Barnamaj_Damj_Sowar,uu7sa93u.pb
com.tujiaapp.tujia_52,v3_8bit.pb
com.shensz.teacher_10000071,version_graph_with_var.pb
com.shensz.teacher_10000071,version.quantized.pb
beauty.camera.photo.editor,w4jynptk_025.pb
com.Video_Mobile_VM.Barnamaj_Damj_Sowar,w4jynptk_025.pb
fluidsim.de.interactivedrop_2018-03-20,wall_defx_freezed_graph.pb
com.droid8studio.sketch.photo,ware1-v5-rect.pb
com.infixtools.sketchphotomaker.pencil.sketch,ware1-v5-rect.pb
com.droid8studio.sketch.photo,ware1-v5-square.pb
com.infixtools.sketchphotomaker.pencil.sketch,ware1-v5-square.pb
com.google.android.ims,wifi_call_quality_inference_model_artifacts_dnn_v1_inference_plan.pb
com.google.android.ims,wifi_call_quality_inference_model_artifacts_inference_plan.pb
beauty.camera.photo.editor,wlu2atwy.pb
com.Video_Mobile_VM.Barnamaj_Damj_Sowar,wlu2atwy.pb
beauty.camera.photo.editor,wqqapkz3.pb
com.Video_Mobile_VM.Barnamaj_Damj_Sowar,wqqapkz3.pb
com.facebook.arstudio.player,XRayMobile_c2_init_net.pb
com.facebook.arstudio.player,XRayMobile_c2_predict_net.pb
beauty.camera.photo.editor,xsnzikde.pb
com.Video_Mobile_VM.Barnamaj_Damj_Sowar,xsnzikde.pb
com.linecorp.linelive,Y_Vision_1.0.0.tflite
com.linecorp.live,Y_Vision_1.0.0.tflite
com.linecorp.live_2019-09-10,Y_Vision_1.0.0.tflite
jp.naver.line.android,Y_Vision_1.0.0.tflite
jp.naver.line.android_2019-07-03,Y_Vision_1.0.0.tflite
jp.naver.line.android_2019-07-22,Y_Vision_1.0.0.tflite
jp.naver.line.android_2019-09-18,Y_Vision_1.0.0.tflite
beauty.camera.photo.editor,yvo67bi4.pb
com.Video_Mobile_VM.Barnamaj_Damj_Sowar,yvo67bi4.pb
aiglass,detect.tflite
Banuba_Live_Face_Filters_Funny_Video_Effects_v4.7.1_apkpure.com,ssd_uint8.tflite
cn.runagain.run_80,motionDetecter.pb
com.axiom.deepgaze,ssd_mobilenet_v1.tflite
com.bjcsxq.chat.carfriend_hj_34,hed_lite_model_quantize.tflite
com.google.android.apps.photos.scanner_2019-04-26,preview_detection_android.pb
com.google.android.apps.translate_2019-09-12,rpn_text_detector_mobile_space_to_depth_quantized_v2.tflite
com.google.android.apps.translate_66000962,rpn_text_detector_mobile_space_to_depth_quantized_v2.tflite
com.infocomltd.ugvassistant_2019-02-13,detect.tflite
com.infocomltd.ugvassistant_2019-08-05,detect.tflite
com.kada.camera.android_208,15_Scene_detection.tflite
com.kada.camera.android_208,object_detect.tflite
com.lgq.struggle.photo.scanner_14,hed_lite_model_quantize.tflite
com.lzpxfzj.android_243,hed_lite_model_quantize.tflite
com.meishubao.client_70,hed_lite_model_quantize.tflite
com.myanmardev.myanmarebook,mobile_object_localizer_2_0_0_anchors.pb
com.myfitnesspal.android_12820,mobile_object_localizer_2_0_0_anchors.pb
com.pcncn.jj_780,hed_lite_model_quantize.tflite
com.quatkhoi.diseases.dictionary,mobile_object_localizer_2_0_0_anchors.pb
com.tannertrev.tips_for_grand_city,mobile_object_localizer_2_0_0_anchors.pb
com.topsky.kkol_171,hed_lite_model_quantize.tflite
com.trackingdeluxe.shiptracker,mobile_object_localizer_2_0_0_anchors.pb
com.xindihe.cgfyb_4,hed_lite_model_quantize.tflite
com.yilab.tensorflow.lite.examples.detection,detect.tflite
com.zenjoy.pipcollage,detect.tflite
com.zivn.cloudbrush3_328,hed_lite_model_quantize.tflite
Fritz_AI_Studio_v2.2.0_apkpure.com,detect.tflite
hien.newsvoicereader,ssd_mobilenet_v1_coco.pb
io.mvlchain.tada,mobile_object_localizer_2_0_0_anchors.pb
kr.co.robin.android.tflite.objectdetector_2018-08-13,detect.tflite
laozhaopianxiufu.cn_105,hed_lite_model_quantize.tflite
net.whty.app.eyu_668,hed_lite_model_quantize.tflite
net.whty.app.eyu.zjedu_668,hed_lite_model_quantize.tflite
Object_Detector_TFLite_v1.0_apkpure.com,detect.tflite
Object_Detector_v1.2.2_apkpure.com,ssd_mobilenet_v1_coco.pb
org.prudhvianddheeraj.lite.example.detection,detect.tflite
org.tensorflow.detect_2017-10-09,ssd_mobilenet_v1_android_export.pb
ru.farpost.dromfilter_2019-07-11,detector_v2_1.pb
ru.photostrana.mobile_2019-07-23,model.tflite
a_i_glass_apkpure.com,detect.tflite
Envision_AI_v1.8.15_apkpure.com,yolov5s-320-android-fp16.tflite
tflite_yolov5_test_release_v1.0,yolov5s_fp32_320.tflite
android-yolo-v2-master-debug,tiny-yolo-voc-graph.pb
android-TFDetect-debug,ssd_mobilenet_v1_android_export.pb
demo_ssd_mobilenet_v2,ssd_mobilenet_v2_coco_graph.pb
demo_faster_rcnn_inception_v2_coco,faster_rcnn_inception_v2_coco_graph.pb
demo_ssd_resnet50_v1_fpn_640,ssd_resnet50_v1_fpn_640.pb
demo_ssd_mobilenet_v1_coco,ssd_mobilenet_v1_coco_graph.pb
demo_mask_rcnn_inception_v2,mask_rcnn_inception_v2_graph.pb
lite_demo_efficientdet0,lite-model_efficientdet_lite0_detection_metadata_1.tflite
lite_demo_efficientdet1,lite-model_efficientdet_lite1_detection_metadata_1.tflite
lite_demo_efficientdet2,lite-model_efficientdet_lite2_detection_metadata_1.tflite
